<?xml version="1.0" encoding="UTF-8"?>
<robot generated="20170118 10:24:46.189" generator="Robot 3.0.1 (Python 2.7.10 on win32)">
<suite source="C:\OpenServer\domains\untitled\webdemo\login_tests" id="s1" name="Login Tests">
<suite source="C:\OpenServer\domains\untitled\webdemo\login_tests\gherkin_login.robot" id="s1-s1" name="Gherkin Login">
<test id="s1-s1-t1" name="Valid Login">
<kw name="Given browser is opened to login page">
<kw name="Open Browser To Login Page" library="resource">
<kw name="Open Browser" library="Selenium2Library">
<doc>Opens a new browser instance to given URL.</doc>
<arguments>
<arg>${LOGIN URL}</arg>
<arg>${BROWSER}</arg>
</arguments>
<msg timestamp="20170118 10:24:46.514" level="INFO">Opening browser 'Firefox' to base url 'http://localhost:7272/'</msg>
<status status="PASS" endtime="20170118 10:24:50.248" starttime="20170118 10:24:46.513"></status>
</kw>
<kw name="Maximize Browser Window" library="Selenium2Library">
<doc>Maximizes current browser window.</doc>
<status status="PASS" endtime="20170118 10:24:50.278" starttime="20170118 10:24:50.248"></status>
</kw>
<kw name="Set Selenium Speed" library="Selenium2Library">
<doc>Sets the delay in seconds that is waited after each Selenium command.</doc>
<arguments>
<arg>${DELAY}</arg>
</arguments>
<status status="PASS" endtime="20170118 10:24:50.279" starttime="20170118 10:24:50.278"></status>
</kw>
<kw name="Login Page Should Be Open" library="resource">
<kw name="Title Should Be" library="Selenium2Library">
<doc>Verifies that current page title equals `title`.</doc>
<arguments>
<arg>Login Page</arg>
</arguments>
<msg timestamp="20170118 10:24:50.439" level="INFO">Page title is 'Login Page'.</msg>
<status status="PASS" endtime="20170118 10:24:50.440" starttime="20170118 10:24:50.280"></status>
</kw>
<status status="PASS" endtime="20170118 10:24:50.440" starttime="20170118 10:24:50.279"></status>
</kw>
<status status="PASS" endtime="20170118 10:24:50.440" starttime="20170118 10:24:46.513"></status>
</kw>
<status status="PASS" endtime="20170118 10:24:50.441" starttime="20170118 10:24:46.513"></status>
</kw>
<kw name="When user &quot;demo&quot; logs in with password &quot;mode&quot;">
<kw name="Input Username" library="resource">
<arguments>
<arg>${username}</arg>
</arguments>
<kw name="Input Text" library="Selenium2Library">
<doc>Types the given `text` into text field identified by `locator`.</doc>
<arguments>
<arg>username_field</arg>
<arg>${username}</arg>
</arguments>
<msg timestamp="20170118 10:24:50.443" level="INFO">Typing text 'demo' into text field 'username_field'</msg>
<status status="PASS" endtime="20170118 10:24:50.541" starttime="20170118 10:24:50.443"></status>
</kw>
<status status="PASS" endtime="20170118 10:24:50.542" starttime="20170118 10:24:50.442"></status>
</kw>
<kw name="Input Password" library="resource">
<arguments>
<arg>${password}</arg>
</arguments>
<kw name="Input Text" library="Selenium2Library">
<doc>Types the given `text` into text field identified by `locator`.</doc>
<arguments>
<arg>password_field</arg>
<arg>${password}</arg>
</arguments>
<msg timestamp="20170118 10:24:50.543" level="INFO">Typing text 'mode' into text field 'password_field'</msg>
<status status="PASS" endtime="20170118 10:24:50.592" starttime="20170118 10:24:50.543"></status>
</kw>
<status status="PASS" endtime="20170118 10:24:50.593" starttime="20170118 10:24:50.542"></status>
</kw>
<kw name="Submit Credentials" library="resource">
<kw name="Click Button" library="Selenium2Library">
<doc>Clicks a button identified by `locator`.</doc>
<arguments>
<arg>login_button</arg>
</arguments>
<msg timestamp="20170118 10:24:50.594" level="INFO">Clicking button 'login_button'.</msg>
<status status="PASS" endtime="20170118 10:24:50.689" starttime="20170118 10:24:50.593"></status>
</kw>
<status status="PASS" endtime="20170118 10:24:50.689" starttime="20170118 10:24:50.593"></status>
</kw>
<status status="PASS" endtime="20170118 10:24:50.690" starttime="20170118 10:24:50.441"></status>
</kw>
<kw name="Then welcome page should be open" library="resource">
<kw name="Location Should Be" library="Selenium2Library">
<doc>Verifies that current URL is exactly `url`.</doc>
<arguments>
<arg>${WELCOME URL}</arg>
</arguments>
<msg timestamp="20170118 10:24:50.730" level="INFO">Current location is 'http://localhost:7272/welcome.html'.</msg>
<status status="PASS" endtime="20170118 10:24:50.730" starttime="20170118 10:24:50.691"></status>
</kw>
<kw name="Title Should Be" library="Selenium2Library">
<doc>Verifies that current page title equals `title`.</doc>
<arguments>
<arg>Welcome Page</arg>
</arguments>
<msg timestamp="20170118 10:24:50.744" level="INFO">Page title is 'Welcome Page'.</msg>
<status status="PASS" endtime="20170118 10:24:50.744" starttime="20170118 10:24:50.730"></status>
</kw>
<status status="PASS" endtime="20170118 10:24:50.745" starttime="20170118 10:24:50.690"></status>
</kw>
<kw type="teardown" name="Close Browser" library="Selenium2Library">
<doc>Closes the current browser.</doc>
<status status="PASS" endtime="20170118 10:24:50.865" starttime="20170118 10:24:50.745"></status>
</kw>
<status status="PASS" endtime="20170118 10:24:50.866" critical="yes" starttime="20170118 10:24:46.512"></status>
</test>
<doc>A test suite with a single Gherkin style test.

This test is functionally identical to the example in
valid_login.robot file.</doc>
<status status="PASS" endtime="20170118 10:24:50.867" starttime="20170118 10:24:46.229"></status>
</suite>
<suite source="C:\OpenServer\domains\untitled\webdemo\login_tests\invalid_login.robot" id="s1-s2" name="Invalid Login">
<kw type="setup" name="Open Browser To Login Page" library="resource">
<kw name="Open Browser" library="Selenium2Library">
<doc>Opens a new browser instance to given URL.</doc>
<arguments>
<arg>${LOGIN URL}</arg>
<arg>${BROWSER}</arg>
</arguments>
<msg timestamp="20170118 10:24:50.883" level="INFO">Opening browser 'Firefox' to base url 'http://localhost:7272/'</msg>
<status status="PASS" endtime="20170118 10:24:54.424" starttime="20170118 10:24:50.883"></status>
</kw>
<kw name="Maximize Browser Window" library="Selenium2Library">
<doc>Maximizes current browser window.</doc>
<status status="PASS" endtime="20170118 10:24:54.522" starttime="20170118 10:24:54.424"></status>
</kw>
<kw name="Set Selenium Speed" library="Selenium2Library">
<doc>Sets the delay in seconds that is waited after each Selenium command.</doc>
<arguments>
<arg>${DELAY}</arg>
</arguments>
<status status="PASS" endtime="20170118 10:24:54.523" starttime="20170118 10:24:54.522"></status>
</kw>
<kw name="Login Page Should Be Open" library="resource">
<kw name="Title Should Be" library="Selenium2Library">
<doc>Verifies that current page title equals `title`.</doc>
<arguments>
<arg>Login Page</arg>
</arguments>
<msg timestamp="20170118 10:24:54.632" level="INFO">Page title is 'Login Page'.</msg>
<status status="PASS" endtime="20170118 10:24:54.632" starttime="20170118 10:24:54.523"></status>
</kw>
<status status="PASS" endtime="20170118 10:24:54.633" starttime="20170118 10:24:54.523"></status>
</kw>
<status status="PASS" endtime="20170118 10:24:54.633" starttime="20170118 10:24:50.882"></status>
</kw>
<test id="s1-s2-t1" name="Invalid Username">
<kw type="setup" name="Go To Login Page" library="resource">
<kw name="Go To" library="Selenium2Library">
<doc>Navigates the active browser instance to the provided URL.</doc>
<arguments>
<arg>${LOGIN URL}</arg>
</arguments>
<msg timestamp="20170118 10:24:54.634" level="INFO">Opening url 'http://localhost:7272/'</msg>
<status status="PASS" endtime="20170118 10:24:54.803" starttime="20170118 10:24:54.634"></status>
</kw>
<kw name="Login Page Should Be Open" library="resource">
<kw name="Title Should Be" library="Selenium2Library">
<doc>Verifies that current page title equals `title`.</doc>
<arguments>
<arg>Login Page</arg>
</arguments>
<msg timestamp="20170118 10:24:54.811" level="INFO">Page title is 'Login Page'.</msg>
<status status="PASS" endtime="20170118 10:24:54.811" starttime="20170118 10:24:54.804"></status>
</kw>
<status status="PASS" endtime="20170118 10:24:54.812" starttime="20170118 10:24:54.804"></status>
</kw>
<status status="PASS" endtime="20170118 10:24:54.812" starttime="20170118 10:24:54.634"></status>
</kw>
<kw name="Login With Invalid Credentials Should Fail">
<arguments>
<arg>invalid</arg>
<arg>${VALID PASSWORD}</arg>
</arguments>
<kw name="Input Username" library="resource">
<arguments>
<arg>${username}</arg>
</arguments>
<kw name="Input Text" library="Selenium2Library">
<doc>Types the given `text` into text field identified by `locator`.</doc>
<arguments>
<arg>username_field</arg>
<arg>${username}</arg>
</arguments>
<msg timestamp="20170118 10:24:54.813" level="INFO">Typing text 'invalid' into text field 'username_field'</msg>
<status status="PASS" endtime="20170118 10:24:54.880" starttime="20170118 10:24:54.813"></status>
</kw>
<status status="PASS" endtime="20170118 10:24:54.880" starttime="20170118 10:24:54.813"></status>
</kw>
<kw name="Input Password" library="resource">
<arguments>
<arg>${password}</arg>
</arguments>
<kw name="Input Text" library="Selenium2Library">
<doc>Types the given `text` into text field identified by `locator`.</doc>
<arguments>
<arg>password_field</arg>
<arg>${password}</arg>
</arguments>
<msg timestamp="20170118 10:24:54.881" level="INFO">Typing text 'mode' into text field 'password_field'</msg>
<status status="PASS" endtime="20170118 10:24:54.932" starttime="20170118 10:24:54.881"></status>
</kw>
<status status="PASS" endtime="20170118 10:24:54.932" starttime="20170118 10:24:54.880"></status>
</kw>
<kw name="Submit Credentials" library="resource">
<kw name="Click Button" library="Selenium2Library">
<doc>Clicks a button identified by `locator`.</doc>
<arguments>
<arg>login_button</arg>
</arguments>
<msg timestamp="20170118 10:24:54.933" level="INFO">Clicking button 'login_button'.</msg>
<status status="PASS" endtime="20170118 10:24:55.022" starttime="20170118 10:24:54.933"></status>
</kw>
<status status="PASS" endtime="20170118 10:24:55.022" starttime="20170118 10:24:54.933"></status>
</kw>
<kw name="Login Should Have Failed">
<kw name="Location Should Be" library="Selenium2Library">
<doc>Verifies that current URL is exactly `url`.</doc>
<arguments>
<arg>${ERROR URL}</arg>
</arguments>
<msg timestamp="20170118 10:24:55.054" level="INFO">Current location is 'http://localhost:7272/error.html'.</msg>
<status status="PASS" endtime="20170118 10:24:55.055" starttime="20170118 10:24:55.023"></status>
</kw>
<kw name="Title Should Be" library="Selenium2Library">
<doc>Verifies that current page title equals `title`.</doc>
<arguments>
<arg>Error Page</arg>
</arguments>
<msg timestamp="20170118 10:24:55.084" level="INFO">Page title is 'Error Page'.</msg>
<status status="PASS" endtime="20170118 10:24:55.085" starttime="20170118 10:24:55.056"></status>
</kw>
<status status="PASS" endtime="20170118 10:24:55.085" starttime="20170118 10:24:55.022"></status>
</kw>
<status status="PASS" endtime="20170118 10:24:55.085" starttime="20170118 10:24:54.812"></status>
</kw>
<status status="PASS" endtime="20170118 10:24:55.085" critical="yes" starttime="20170118 10:24:54.633"></status>
</test>
<test id="s1-s2-t2" name="Invalid Password">
<kw type="setup" name="Go To Login Page" library="resource">
<kw name="Go To" library="Selenium2Library">
<doc>Navigates the active browser instance to the provided URL.</doc>
<arguments>
<arg>${LOGIN URL}</arg>
</arguments>
<msg timestamp="20170118 10:24:55.089" level="INFO">Opening url 'http://localhost:7272/'</msg>
<status status="PASS" endtime="20170118 10:24:55.259" starttime="20170118 10:24:55.088"></status>
</kw>
<kw name="Login Page Should Be Open" library="resource">
<kw name="Title Should Be" library="Selenium2Library">
<doc>Verifies that current page title equals `title`.</doc>
<arguments>
<arg>Login Page</arg>
</arguments>
<msg timestamp="20170118 10:24:55.267" level="INFO">Page title is 'Login Page'.</msg>
<status status="PASS" endtime="20170118 10:24:55.267" starttime="20170118 10:24:55.260"></status>
</kw>
<status status="PASS" endtime="20170118 10:24:55.267" starttime="20170118 10:24:55.259"></status>
</kw>
<status status="PASS" endtime="20170118 10:24:55.267" starttime="20170118 10:24:55.087"></status>
</kw>
<kw name="Login With Invalid Credentials Should Fail">
<arguments>
<arg>${VALID USER}</arg>
<arg>invalid</arg>
</arguments>
<kw name="Input Username" library="resource">
<arguments>
<arg>${username}</arg>
</arguments>
<kw name="Input Text" library="Selenium2Library">
<doc>Types the given `text` into text field identified by `locator`.</doc>
<arguments>
<arg>username_field</arg>
<arg>${username}</arg>
</arguments>
<msg timestamp="20170118 10:24:55.269" level="INFO">Typing text 'demo' into text field 'username_field'</msg>
<status status="PASS" endtime="20170118 10:24:55.312" starttime="20170118 10:24:55.268"></status>
</kw>
<status status="PASS" endtime="20170118 10:24:55.313" starttime="20170118 10:24:55.268"></status>
</kw>
<kw name="Input Password" library="resource">
<arguments>
<arg>${password}</arg>
</arguments>
<kw name="Input Text" library="Selenium2Library">
<doc>Types the given `text` into text field identified by `locator`.</doc>
<arguments>
<arg>password_field</arg>
<arg>${password}</arg>
</arguments>
<msg timestamp="20170118 10:24:55.314" level="INFO">Typing text 'invalid' into text field 'password_field'</msg>
<status status="PASS" endtime="20170118 10:24:55.363" starttime="20170118 10:24:55.314"></status>
</kw>
<status status="PASS" endtime="20170118 10:24:55.364" starttime="20170118 10:24:55.313"></status>
</kw>
<kw name="Submit Credentials" library="resource">
<kw name="Click Button" library="Selenium2Library">
<doc>Clicks a button identified by `locator`.</doc>
<arguments>
<arg>login_button</arg>
</arguments>
<msg timestamp="20170118 10:24:55.365" level="INFO">Clicking button 'login_button'.</msg>
<status status="PASS" endtime="20170118 10:24:55.407" starttime="20170118 10:24:55.364"></status>
</kw>
<status status="PASS" endtime="20170118 10:24:55.408" starttime="20170118 10:24:55.364"></status>
</kw>
<kw name="Login Should Have Failed">
<kw name="Location Should Be" library="Selenium2Library">
<doc>Verifies that current URL is exactly `url`.</doc>
<arguments>
<arg>${ERROR URL}</arg>
</arguments>
<msg timestamp="20170118 10:24:55.434" level="INFO">Current location is 'http://localhost:7272/error.html'.</msg>
<status status="PASS" endtime="20170118 10:24:55.434" starttime="20170118 10:24:55.409"></status>
</kw>
<kw name="Title Should Be" library="Selenium2Library">
<doc>Verifies that current page title equals `title`.</doc>
<arguments>
<arg>Error Page</arg>
</arguments>
<msg timestamp="20170118 10:24:55.450" level="INFO">Page title is 'Error Page'.</msg>
<status status="PASS" endtime="20170118 10:24:55.450" starttime="20170118 10:24:55.434"></status>
</kw>
<status status="PASS" endtime="20170118 10:24:55.450" starttime="20170118 10:24:55.408"></status>
</kw>
<status status="PASS" endtime="20170118 10:24:55.451" starttime="20170118 10:24:55.267"></status>
</kw>
<status status="PASS" endtime="20170118 10:24:55.451" critical="yes" starttime="20170118 10:24:55.086"></status>
</test>
<test id="s1-s2-t3" name="Invalid Username And Password">
<kw type="setup" name="Go To Login Page" library="resource">
<kw name="Go To" library="Selenium2Library">
<doc>Navigates the active browser instance to the provided URL.</doc>
<arguments>
<arg>${LOGIN URL}</arg>
</arguments>
<msg timestamp="20170118 10:24:55.452" level="INFO">Opening url 'http://localhost:7272/'</msg>
<status status="PASS" endtime="20170118 10:24:55.594" starttime="20170118 10:24:55.452"></status>
</kw>
<kw name="Login Page Should Be Open" library="resource">
<kw name="Title Should Be" library="Selenium2Library">
<doc>Verifies that current page title equals `title`.</doc>
<arguments>
<arg>Login Page</arg>
</arguments>
<msg timestamp="20170118 10:24:55.599" level="INFO">Page title is 'Login Page'.</msg>
<status status="PASS" endtime="20170118 10:24:55.599" starttime="20170118 10:24:55.594"></status>
</kw>
<status status="PASS" endtime="20170118 10:24:55.600" starttime="20170118 10:24:55.594"></status>
</kw>
<status status="PASS" endtime="20170118 10:24:55.600" starttime="20170118 10:24:55.452"></status>
</kw>
<kw name="Login With Invalid Credentials Should Fail">
<arguments>
<arg>invalid</arg>
<arg>whatever</arg>
</arguments>
<kw name="Input Username" library="resource">
<arguments>
<arg>${username}</arg>
</arguments>
<kw name="Input Text" library="Selenium2Library">
<doc>Types the given `text` into text field identified by `locator`.</doc>
<arguments>
<arg>username_field</arg>
<arg>${username}</arg>
</arguments>
<msg timestamp="20170118 10:24:55.601" level="INFO">Typing text 'invalid' into text field 'username_field'</msg>
<status status="PASS" endtime="20170118 10:24:55.643" starttime="20170118 10:24:55.601"></status>
</kw>
<status status="PASS" endtime="20170118 10:24:55.643" starttime="20170118 10:24:55.600"></status>
</kw>
<kw name="Input Password" library="resource">
<arguments>
<arg>${password}</arg>
</arguments>
<kw name="Input Text" library="Selenium2Library">
<doc>Types the given `text` into text field identified by `locator`.</doc>
<arguments>
<arg>password_field</arg>
<arg>${password}</arg>
</arguments>
<msg timestamp="20170118 10:24:55.645" level="INFO">Typing text 'whatever' into text field 'password_field'</msg>
<status status="PASS" endtime="20170118 10:24:55.699" starttime="20170118 10:24:55.644"></status>
</kw>
<status status="PASS" endtime="20170118 10:24:55.699" starttime="20170118 10:24:55.643"></status>
</kw>
<kw name="Submit Credentials" library="resource">
<kw name="Click Button" library="Selenium2Library">
<doc>Clicks a button identified by `locator`.</doc>
<arguments>
<arg>login_button</arg>
</arguments>
<msg timestamp="20170118 10:24:55.700" level="INFO">Clicking button 'login_button'.</msg>
<status status="PASS" endtime="20170118 10:24:55.756" starttime="20170118 10:24:55.700"></status>
</kw>
<status status="PASS" endtime="20170118 10:24:55.756" starttime="20170118 10:24:55.699"></status>
</kw>
<kw name="Login Should Have Failed">
<kw name="Location Should Be" library="Selenium2Library">
<doc>Verifies that current URL is exactly `url`.</doc>
<arguments>
<arg>${ERROR URL}</arg>
</arguments>
<msg timestamp="20170118 10:24:55.784" level="INFO">Current location is 'http://localhost:7272/error.html'.</msg>
<status status="PASS" endtime="20170118 10:24:55.784" starttime="20170118 10:24:55.757"></status>
</kw>
<kw name="Title Should Be" library="Selenium2Library">
<doc>Verifies that current page title equals `title`.</doc>
<arguments>
<arg>Error Page</arg>
</arguments>
<msg timestamp="20170118 10:24:55.801" level="INFO">Page title is 'Error Page'.</msg>
<status status="PASS" endtime="20170118 10:24:55.801" starttime="20170118 10:24:55.784"></status>
</kw>
<status status="PASS" endtime="20170118 10:24:55.801" starttime="20170118 10:24:55.757"></status>
</kw>
<status status="PASS" endtime="20170118 10:24:55.801" starttime="20170118 10:24:55.600"></status>
</kw>
<status status="PASS" endtime="20170118 10:24:55.801" critical="yes" starttime="20170118 10:24:55.451"></status>
</test>
<test id="s1-s2-t4" name="Empty Username">
<kw type="setup" name="Go To Login Page" library="resource">
<kw name="Go To" library="Selenium2Library">
<doc>Navigates the active browser instance to the provided URL.</doc>
<arguments>
<arg>${LOGIN URL}</arg>
</arguments>
<msg timestamp="20170118 10:24:55.803" level="INFO">Opening url 'http://localhost:7272/'</msg>
<status status="PASS" endtime="20170118 10:24:55.960" starttime="20170118 10:24:55.803"></status>
</kw>
<kw name="Login Page Should Be Open" library="resource">
<kw name="Title Should Be" library="Selenium2Library">
<doc>Verifies that current page title equals `title`.</doc>
<arguments>
<arg>Login Page</arg>
</arguments>
<msg timestamp="20170118 10:24:55.966" level="INFO">Page title is 'Login Page'.</msg>
<status status="PASS" endtime="20170118 10:24:55.967" starttime="20170118 10:24:55.961"></status>
</kw>
<status status="PASS" endtime="20170118 10:24:55.967" starttime="20170118 10:24:55.961"></status>
</kw>
<status status="PASS" endtime="20170118 10:24:55.967" starttime="20170118 10:24:55.802"></status>
</kw>
<kw name="Login With Invalid Credentials Should Fail">
<arguments>
<arg>${EMPTY}</arg>
<arg>${VALID PASSWORD}</arg>
</arguments>
<kw name="Input Username" library="resource">
<arguments>
<arg>${username}</arg>
</arguments>
<kw name="Input Text" library="Selenium2Library">
<doc>Types the given `text` into text field identified by `locator`.</doc>
<arguments>
<arg>username_field</arg>
<arg>${username}</arg>
</arguments>
<msg timestamp="20170118 10:24:55.968" level="INFO">Typing text '' into text field 'username_field'</msg>
<status status="PASS" endtime="20170118 10:24:56.001" starttime="20170118 10:24:55.968"></status>
</kw>
<status status="PASS" endtime="20170118 10:24:56.001" starttime="20170118 10:24:55.967"></status>
</kw>
<kw name="Input Password" library="resource">
<arguments>
<arg>${password}</arg>
</arguments>
<kw name="Input Text" library="Selenium2Library">
<doc>Types the given `text` into text field identified by `locator`.</doc>
<arguments>
<arg>password_field</arg>
<arg>${password}</arg>
</arguments>
<msg timestamp="20170118 10:24:56.002" level="INFO">Typing text 'mode' into text field 'password_field'</msg>
<status status="PASS" endtime="20170118 10:24:56.040" starttime="20170118 10:24:56.001"></status>
</kw>
<status status="PASS" endtime="20170118 10:24:56.040" starttime="20170118 10:24:56.001"></status>
</kw>
<kw name="Submit Credentials" library="resource">
<kw name="Click Button" library="Selenium2Library">
<doc>Clicks a button identified by `locator`.</doc>
<arguments>
<arg>login_button</arg>
</arguments>
<msg timestamp="20170118 10:24:56.041" level="INFO">Clicking button 'login_button'.</msg>
<status status="PASS" endtime="20170118 10:24:56.081" starttime="20170118 10:24:56.041"></status>
</kw>
<status status="PASS" endtime="20170118 10:24:56.081" starttime="20170118 10:24:56.040"></status>
</kw>
<kw name="Login Should Have Failed">
<kw name="Location Should Be" library="Selenium2Library">
<doc>Verifies that current URL is exactly `url`.</doc>
<arguments>
<arg>${ERROR URL}</arg>
</arguments>
<msg timestamp="20170118 10:24:56.107" level="INFO">Current location is 'http://localhost:7272/error.html'.</msg>
<status status="PASS" endtime="20170118 10:24:56.107" starttime="20170118 10:24:56.082"></status>
</kw>
<kw name="Title Should Be" library="Selenium2Library">
<doc>Verifies that current page title equals `title`.</doc>
<arguments>
<arg>Error Page</arg>
</arguments>
<msg timestamp="20170118 10:24:56.119" level="INFO">Page title is 'Error Page'.</msg>
<status status="PASS" endtime="20170118 10:24:56.119" starttime="20170118 10:24:56.107"></status>
</kw>
<status status="PASS" endtime="20170118 10:24:56.119" starttime="20170118 10:24:56.082"></status>
</kw>
<status status="PASS" endtime="20170118 10:24:56.119" starttime="20170118 10:24:55.967"></status>
</kw>
<status status="PASS" endtime="20170118 10:24:56.120" critical="yes" starttime="20170118 10:24:55.802"></status>
</test>
<test id="s1-s2-t5" name="Empty Password">
<kw type="setup" name="Go To Login Page" library="resource">
<kw name="Go To" library="Selenium2Library">
<doc>Navigates the active browser instance to the provided URL.</doc>
<arguments>
<arg>${LOGIN URL}</arg>
</arguments>
<msg timestamp="20170118 10:24:56.128" level="INFO">Opening url 'http://localhost:7272/'</msg>
<status status="PASS" endtime="20170118 10:24:56.276" starttime="20170118 10:24:56.128"></status>
</kw>
<kw name="Login Page Should Be Open" library="resource">
<kw name="Title Should Be" library="Selenium2Library">
<doc>Verifies that current page title equals `title`.</doc>
<arguments>
<arg>Login Page</arg>
</arguments>
<msg timestamp="20170118 10:24:56.285" level="INFO">Page title is 'Login Page'.</msg>
<status status="PASS" endtime="20170118 10:24:56.286" starttime="20170118 10:24:56.277"></status>
</kw>
<status status="PASS" endtime="20170118 10:24:56.286" starttime="20170118 10:24:56.277"></status>
</kw>
<status status="PASS" endtime="20170118 10:24:56.286" starttime="20170118 10:24:56.127"></status>
</kw>
<kw name="Login With Invalid Credentials Should Fail">
<arguments>
<arg>${VALID USER}</arg>
<arg>${EMPTY}</arg>
</arguments>
<kw name="Input Username" library="resource">
<arguments>
<arg>${username}</arg>
</arguments>
<kw name="Input Text" library="Selenium2Library">
<doc>Types the given `text` into text field identified by `locator`.</doc>
<arguments>
<arg>username_field</arg>
<arg>${username}</arg>
</arguments>
<msg timestamp="20170118 10:24:56.288" level="INFO">Typing text 'demo' into text field 'username_field'</msg>
<status status="PASS" endtime="20170118 10:24:56.330" starttime="20170118 10:24:56.288"></status>
</kw>
<status status="PASS" endtime="20170118 10:24:56.330" starttime="20170118 10:24:56.287"></status>
</kw>
<kw name="Input Password" library="resource">
<arguments>
<arg>${password}</arg>
</arguments>
<kw name="Input Text" library="Selenium2Library">
<doc>Types the given `text` into text field identified by `locator`.</doc>
<arguments>
<arg>password_field</arg>
<arg>${password}</arg>
</arguments>
<msg timestamp="20170118 10:24:56.331" level="INFO">Typing text '' into text field 'password_field'</msg>
<status status="PASS" endtime="20170118 10:24:56.366" starttime="20170118 10:24:56.331"></status>
</kw>
<status status="PASS" endtime="20170118 10:24:56.366" starttime="20170118 10:24:56.330"></status>
</kw>
<kw name="Submit Credentials" library="resource">
<kw name="Click Button" library="Selenium2Library">
<doc>Clicks a button identified by `locator`.</doc>
<arguments>
<arg>login_button</arg>
</arguments>
<msg timestamp="20170118 10:24:56.367" level="INFO">Clicking button 'login_button'.</msg>
<status status="PASS" endtime="20170118 10:24:56.402" starttime="20170118 10:24:56.367"></status>
</kw>
<status status="PASS" endtime="20170118 10:24:56.403" starttime="20170118 10:24:56.366"></status>
</kw>
<kw name="Login Should Have Failed">
<kw name="Location Should Be" library="Selenium2Library">
<doc>Verifies that current URL is exactly `url`.</doc>
<arguments>
<arg>${ERROR URL}</arg>
</arguments>
<msg timestamp="20170118 10:24:56.430" level="INFO">Current location is 'http://localhost:7272/error.html'.</msg>
<status status="PASS" endtime="20170118 10:24:56.430" starttime="20170118 10:24:56.404"></status>
</kw>
<kw name="Title Should Be" library="Selenium2Library">
<doc>Verifies that current page title equals `title`.</doc>
<arguments>
<arg>Error Page</arg>
</arguments>
<msg timestamp="20170118 10:24:56.439" level="INFO">Page title is 'Error Page'.</msg>
<status status="PASS" endtime="20170118 10:24:56.439" starttime="20170118 10:24:56.430"></status>
</kw>
<status status="PASS" endtime="20170118 10:24:56.439" starttime="20170118 10:24:56.403"></status>
</kw>
<status status="PASS" endtime="20170118 10:24:56.439" starttime="20170118 10:24:56.286"></status>
</kw>
<status status="PASS" endtime="20170118 10:24:56.440" critical="yes" starttime="20170118 10:24:56.124"></status>
</test>
<test id="s1-s2-t6" name="Empty Username And Password">
<kw type="setup" name="Go To Login Page" library="resource">
<kw name="Go To" library="Selenium2Library">
<doc>Navigates the active browser instance to the provided URL.</doc>
<arguments>
<arg>${LOGIN URL}</arg>
</arguments>
<msg timestamp="20170118 10:24:56.442" level="INFO">Opening url 'http://localhost:7272/'</msg>
<status status="PASS" endtime="20170118 10:24:56.593" starttime="20170118 10:24:56.442"></status>
</kw>
<kw name="Login Page Should Be Open" library="resource">
<kw name="Title Should Be" library="Selenium2Library">
<doc>Verifies that current page title equals `title`.</doc>
<arguments>
<arg>Login Page</arg>
</arguments>
<msg timestamp="20170118 10:24:56.600" level="INFO">Page title is 'Login Page'.</msg>
<status status="PASS" endtime="20170118 10:24:56.600" starttime="20170118 10:24:56.594"></status>
</kw>
<status status="PASS" endtime="20170118 10:24:56.600" starttime="20170118 10:24:56.593"></status>
</kw>
<status status="PASS" endtime="20170118 10:24:56.600" starttime="20170118 10:24:56.441"></status>
</kw>
<kw name="Login With Invalid Credentials Should Fail">
<arguments>
<arg>${EMPTY}</arg>
<arg>${EMPTY}</arg>
</arguments>
<kw name="Input Username" library="resource">
<arguments>
<arg>${username}</arg>
</arguments>
<kw name="Input Text" library="Selenium2Library">
<doc>Types the given `text` into text field identified by `locator`.</doc>
<arguments>
<arg>username_field</arg>
<arg>${username}</arg>
</arguments>
<msg timestamp="20170118 10:24:56.602" level="INFO">Typing text '' into text field 'username_field'</msg>
<status status="PASS" endtime="20170118 10:24:56.638" starttime="20170118 10:24:56.601"></status>
</kw>
<status status="PASS" endtime="20170118 10:24:56.638" starttime="20170118 10:24:56.601"></status>
</kw>
<kw name="Input Password" library="resource">
<arguments>
<arg>${password}</arg>
</arguments>
<kw name="Input Text" library="Selenium2Library">
<doc>Types the given `text` into text field identified by `locator`.</doc>
<arguments>
<arg>password_field</arg>
<arg>${password}</arg>
</arguments>
<msg timestamp="20170118 10:24:56.639" level="INFO">Typing text '' into text field 'password_field'</msg>
<status status="PASS" endtime="20170118 10:24:56.672" starttime="20170118 10:24:56.639"></status>
</kw>
<status status="PASS" endtime="20170118 10:24:56.672" starttime="20170118 10:24:56.639"></status>
</kw>
<kw name="Submit Credentials" library="resource">
<kw name="Click Button" library="Selenium2Library">
<doc>Clicks a button identified by `locator`.</doc>
<arguments>
<arg>login_button</arg>
</arguments>
<msg timestamp="20170118 10:24:56.673" level="INFO">Clicking button 'login_button'.</msg>
<status status="PASS" endtime="20170118 10:24:56.713" starttime="20170118 10:24:56.673"></status>
</kw>
<status status="PASS" endtime="20170118 10:24:56.714" starttime="20170118 10:24:56.672"></status>
</kw>
<kw name="Login Should Have Failed">
<kw name="Location Should Be" library="Selenium2Library">
<doc>Verifies that current URL is exactly `url`.</doc>
<arguments>
<arg>${ERROR URL}</arg>
</arguments>
<msg timestamp="20170118 10:24:56.741" level="INFO">Current location is 'http://localhost:7272/error.html'.</msg>
<status status="PASS" endtime="20170118 10:24:56.741" starttime="20170118 10:24:56.714"></status>
</kw>
<kw name="Title Should Be" library="Selenium2Library">
<doc>Verifies that current page title equals `title`.</doc>
<arguments>
<arg>Error Page</arg>
</arguments>
<msg timestamp="20170118 10:24:56.751" level="INFO">Page title is 'Error Page'.</msg>
<status status="PASS" endtime="20170118 10:24:56.751" starttime="20170118 10:24:56.741"></status>
</kw>
<status status="PASS" endtime="20170118 10:24:56.752" starttime="20170118 10:24:56.714"></status>
</kw>
<status status="PASS" endtime="20170118 10:24:56.752" starttime="20170118 10:24:56.601"></status>
</kw>
<status status="PASS" endtime="20170118 10:24:56.752" critical="yes" starttime="20170118 10:24:56.440"></status>
</test>
<kw type="teardown" name="Close Browser" library="Selenium2Library">
<doc>Closes the current browser.</doc>
<status status="PASS" endtime="20170118 10:24:56.917" starttime="20170118 10:24:56.753"></status>
</kw>
<doc>A test suite containing tests related to invalid login.

These tests are data-driven by their nature. They use a single
keyword, specified with Test Template setting, that is called
with different arguments to cover different scenarios.

This suite also demonstrates using setups and teardowns in
different levels.</doc>
<status status="PASS" endtime="20170118 10:24:56.917" starttime="20170118 10:24:50.869"></status>
</suite>
<suite source="C:\OpenServer\domains\untitled\webdemo\login_tests\valid_login.robot" id="s1-s3" name="Valid Login">
<test id="s1-s3-t1" name="Valid Login">
<kw name="Open Browser To Login Page" library="resource">
<kw name="Open Browser" library="Selenium2Library">
<doc>Opens a new browser instance to given URL.</doc>
<arguments>
<arg>${LOGIN URL}</arg>
<arg>${BROWSER}</arg>
</arguments>
<msg timestamp="20170118 10:24:56.936" level="INFO">Opening browser 'Firefox' to base url 'http://localhost:7272/'</msg>
<status status="PASS" endtime="20170118 10:25:00.445" starttime="20170118 10:24:56.935"></status>
</kw>
<kw name="Maximize Browser Window" library="Selenium2Library">
<doc>Maximizes current browser window.</doc>
<status status="PASS" endtime="20170118 10:25:00.513" starttime="20170118 10:25:00.445"></status>
</kw>
<kw name="Set Selenium Speed" library="Selenium2Library">
<doc>Sets the delay in seconds that is waited after each Selenium command.</doc>
<arguments>
<arg>${DELAY}</arg>
</arguments>
<status status="PASS" endtime="20170118 10:25:00.514" starttime="20170118 10:25:00.513"></status>
</kw>
<kw name="Login Page Should Be Open" library="resource">
<kw name="Title Should Be" library="Selenium2Library">
<doc>Verifies that current page title equals `title`.</doc>
<arguments>
<arg>Login Page</arg>
</arguments>
<msg timestamp="20170118 10:25:00.597" level="INFO">Page title is 'Login Page'.</msg>
<status status="PASS" endtime="20170118 10:25:00.597" starttime="20170118 10:25:00.514"></status>
</kw>
<status status="PASS" endtime="20170118 10:25:00.597" starttime="20170118 10:25:00.514"></status>
</kw>
<status status="PASS" endtime="20170118 10:25:00.597" starttime="20170118 10:24:56.935"></status>
</kw>
<kw name="Input Username" library="resource">
<arguments>
<arg>demo</arg>
</arguments>
<kw name="Input Text" library="Selenium2Library">
<doc>Types the given `text` into text field identified by `locator`.</doc>
<arguments>
<arg>username_field</arg>
<arg>${username}</arg>
</arguments>
<msg timestamp="20170118 10:25:00.598" level="INFO">Typing text 'demo' into text field 'username_field'</msg>
<status status="PASS" endtime="20170118 10:25:00.663" starttime="20170118 10:25:00.598"></status>
</kw>
<status status="PASS" endtime="20170118 10:25:00.664" starttime="20170118 10:25:00.597"></status>
</kw>
<kw name="Input Password" library="resource">
<arguments>
<arg>mode</arg>
</arguments>
<kw name="Input Text" library="Selenium2Library">
<doc>Types the given `text` into text field identified by `locator`.</doc>
<arguments>
<arg>password_field</arg>
<arg>${password}</arg>
</arguments>
<msg timestamp="20170118 10:25:00.665" level="INFO">Typing text 'mode' into text field 'password_field'</msg>
<status status="PASS" endtime="20170118 10:25:00.713" starttime="20170118 10:25:00.664"></status>
</kw>
<status status="PASS" endtime="20170118 10:25:00.714" starttime="20170118 10:25:00.664"></status>
</kw>
<kw name="Submit Credentials" library="resource">
<kw name="Click Button" library="Selenium2Library">
<doc>Clicks a button identified by `locator`.</doc>
<arguments>
<arg>login_button</arg>
</arguments>
<msg timestamp="20170118 10:25:00.714" level="INFO">Clicking button 'login_button'.</msg>
<status status="PASS" endtime="20170118 10:25:00.802" starttime="20170118 10:25:00.714"></status>
</kw>
<status status="PASS" endtime="20170118 10:25:00.803" starttime="20170118 10:25:00.714"></status>
</kw>
<kw name="Welcome Page Should Be Open" library="resource">
<kw name="Location Should Be" library="Selenium2Library">
<doc>Verifies that current URL is exactly `url`.</doc>
<arguments>
<arg>${WELCOME URL}</arg>
</arguments>
<msg timestamp="20170118 10:25:00.852" level="INFO">Current location is 'http://localhost:7272/welcome.html'.</msg>
<status status="PASS" endtime="20170118 10:25:00.852" starttime="20170118 10:25:00.804"></status>
</kw>
<kw name="Title Should Be" library="Selenium2Library">
<doc>Verifies that current page title equals `title`.</doc>
<arguments>
<arg>Welcome Page</arg>
</arguments>
<msg timestamp="20170118 10:25:00.872" level="INFO">Page title is 'Welcome Page'.</msg>
<status status="PASS" endtime="20170118 10:25:00.873" starttime="20170118 10:25:00.852"></status>
</kw>
<status status="PASS" endtime="20170118 10:25:00.873" starttime="20170118 10:25:00.803"></status>
</kw>
<kw type="teardown" name="Close Browser" library="Selenium2Library">
<doc>Closes the current browser.</doc>
<status status="PASS" endtime="20170118 10:25:01.049" starttime="20170118 10:25:00.875"></status>
</kw>
<status status="PASS" endtime="20170118 10:25:01.050" critical="yes" starttime="20170118 10:24:56.934"></status>
</test>
<doc>A test suite with a single test for valid login.

This test has a workflow that is created using keywords in
the imported resource file.</doc>
<status status="PASS" endtime="20170118 10:25:01.051" starttime="20170118 10:24:56.922"></status>
</suite>
<status status="PASS" endtime="20170118 10:25:01.054" starttime="20170118 10:24:46.194"></status>
</suite>
<statistics>
<total>
<stat fail="0" pass="8">Critical Tests</stat>
<stat fail="0" pass="8">All Tests</stat>
</total>
<tag>
</tag>
<suite>
<stat fail="0" id="s1" name="Login Tests" pass="8">Login Tests</stat>
<stat fail="0" id="s1-s1" name="Gherkin Login" pass="1">Login Tests.Gherkin Login</stat>
<stat fail="0" id="s1-s2" name="Invalid Login" pass="6">Login Tests.Invalid Login</stat>
<stat fail="0" id="s1-s3" name="Valid Login" pass="1">Login Tests.Valid Login</stat>
</suite>
</statistics>
<errors>
</errors>
</robot>
